<?xml version="1.0" encoding="utf-8"?>
<!-- ~ Copyright 2021 Red Hat, Inc. and/or its affiliates. ~ ~ Licensed under 
  the Apache License, Version 2.0 (the "License"); ~ you may not use this file 
  except in compliance with the License. ~ You may obtain a copy of the License 
  at ~ ~ http://www.apache.org/licenses/LICENSE-2.0 ~ ~ Unless required by 
  applicable law or agreed to in writing, software ~ distributed under the 
  License is distributed on an "AS IS" BASIS, ~ WITHOUT WARRANTIES OR CONDITIONS 
  OF ANY KIND, either express or implied. ~ See the License for the specific 
  language governing permissions and ~ limitations under the License. -->
<!DOCTYPE module PUBLIC "-//Google Inc.//DTD Google Web Toolkit 2.4.0//EN"
    "http://google-web-toolkit.googlecode.com/svn/tags/2.5.0/distro-source/core/src/gwt-module.dtd">
<module>
  <inherits name="org.uberfire.UberfireAPI" />
  <inherits name="org.uberfire.UberfireClientAPI" />
  <inherits name="org.uberfire.UberfireWorkbench" />
  <inherits name="org.uberfire.client.views.PatternFlyTheme" />

  <inherits name="org.uberfire.ext.plugin.RuntimePluginClient" />

  <!-- Dashbuilder Client Deps -->
  <inherits name="org.dashbuilder.ServicesAPI" />
  <inherits name="org.dashbuilder.DisplayerAPI" />

  <inherits name="org.dashbuilder.CommonClient" />
  <inherits name="org.dashbuilder.ServicesAPI" />
  <inherits name="org.dashbuilder.DatasetAPI" />
  <inherits name="org.dashbuilder.DatasetShared" />
  <inherits name="org.dashbuilder.DatasetClient" />
  <inherits name="org.dashbuilder.NavigationAPI" />
  <inherits name="org.dashbuilder.DisplayerAPI" />
  <inherits name="org.dashbuilder.DisplayerClient" />
  <inherits name="org.dashbuilder.NavigationClient" />

  <inherits name="org.dashbuilder.renderer.DefaultRenderer" />
  <inherits name="org.dashbuilder.renderer.C3Renderer" />
  <inherits name="org.dashbuilder.renderer.EChartsRenderer" />

  <source path="client" />
  <source path="shared" />

  <!-- We don't need to support IE10 or older -->
  <!-- There is no "ie11" permutation. IE11 uses the Firefox one (gecko1_8) -->
  <set-property name="user.agent" value="gecko1_8,safari" />
</module>
